1,DANIEL,ACEVEDO JHONG,Banco Interamericano,Retiro,Banco Nacional
2,MIGUELVICENTE,AGURTO RONDOY,Banco Interamericano,Credito,Banco de Costa Rica
3, CHRISTIAN NELSON,ALCAL� NEGR�N,Banco Interamericano,Aperturas,Mutual Alajuela
4,RAUL EDUARDO,ALMORA HERNANDEZ ,Banco Interamericano,Aperturas,Lafise
5,JORGE ,ALOSILLA VELAZCO VERA,Banco Interamericano,Retiro,Coopeservidores
6,VICTOR,ALVA CAMPOS,Banco Interamericano,Credito,Caja de Ande
7,JAVIER,AREVALO LOPEZ,Banco Interamericano,Retiro,Banco Nacional
8,ROSARIO,ARIAS HERNANDEZ,Banco Interamericano,Credito,Banco de Costa Rica
